words,syllables,sentences,letters,avg_word_len,avg_word_syl,avg_sent_len,level
199,456,21,1041,5.231,2.291,9.476,beginner
255,523,23,1174,4.604,2.051,11.087,beginner
55,109,6,301,5.473,1.982,9.167,beginner
257,577,35,1310,5.097,2.245,7.343,beginner
131,237,15,547,4.176,1.809,8.733,beginner
142,296,10,668,4.704,2.085,14.2,beginner
80,156,6,359,4.488,1.95,13.333,beginner
114,288,16,683,5.991,2.526,7.125,beginner
256,565,48,1279,4.996,2.207,5.333,beginner
112,218,12,525,4.688,1.946,9.333,beginner
242,496,34,1151,4.756,2.05,7.118,beginner
324,670,39,1555,4.799,2.068,8.308,beginner
239,478,45,1150,4.812,2.0,5.311,beginner
134,264,17,622,4.642,1.97,7.882,beginner
232,510,34,1174,5.06,2.198,6.824,beginner
236,466,30,1102,4.669,1.975,7.867,beginner
344,765,44,1785,5.189,2.224,7.818,beginner
213,452,24,1045,4.906,2.122,8.875,beginner
229,522,21,1179,5.148,2.279,10.905,beginner
177,370,25,862,4.87,2.09,7.08,beginner
297,604,41,1415,4.764,2.034,7.244,beginner
183,426,42,1001,5.47,2.328,4.357,beginner
147,310,16,743,5.054,2.109,9.188,beginner
265,566,18,1340,5.057,2.136,14.722,beginner
143,303,21,712,4.979,2.119,6.81,beginner
216,495,24,1176,5.444,2.292,9.0,beginner
173,381,24,876,5.064,2.202,7.208,beginner
131,306,28,708,5.405,2.336,4.679,beginner
204,453,42,990,4.853,2.221,4.857,beginner
214,445,31,1028,4.804,2.079,6.903,beginner
275,575,34,1303,4.738,2.091,8.088,beginner
178,432,35,1016,5.708,2.427,5.086,beginner
217,457,47,1082,4.986,2.106,4.617,beginner
298,640,54,1488,4.993,2.148,5.519,beginner
222,483,42,1137,5.122,2.176,5.286,beginner
316,726,48,1674,5.297,2.297,6.583,beginner
181,426,22,976,5.392,2.354,8.227,beginner
195,421,28,1006,5.159,2.159,6.964,beginner
169,384,29,862,5.101,2.272,5.828,beginner
225,495,31,1167,5.187,2.2,7.258,beginner
114,264,15,581,5.096,2.316,7.6,beginner
180,376,21,885,4.917,2.089,8.571,beginner
107,264,9,630,5.888,2.467,11.889,beginner
148,388,16,905,6.115,2.622,9.25,beginner
156,377,21,883,5.66,2.417,7.429,beginner
150,368,19,876,5.84,2.453,7.895,beginner
170,401,14,934,5.494,2.359,12.143,beginner
68,173,7,400,5.882,2.544,9.714,beginner
119,275,12,625,5.252,2.311,9.917,beginner
155,327,16,759,4.897,2.11,9.688,beginner
183,437,20,1027,5.612,2.388,9.15,beginner
178,437,24,1029,5.781,2.455,7.417,beginner
170,435,24,1005,5.912,2.559,7.083,beginner
216,541,18,1270,5.88,2.505,12.0,beginner
183,436,21,1034,5.65,2.383,8.714,beginner
208,473,19,1097,5.274,2.274,10.947,beginner
199,449,27,1076,5.407,2.256,7.37,beginner
135,301,21,711,5.267,2.23,6.429,beginner
361,788,33,1890,5.235,2.183,10.939,beginner
214,504,24,1177,5.5,2.355,8.917,beginner
211,553,27,1229,5.825,2.621,7.815,beginner
177,447,21,997,5.633,2.525,8.429,beginner
211,530,23,1236,5.858,2.512,9.174,beginner
179,426,20,1015,5.67,2.38,8.95,beginner
145,370,16,824,5.683,2.552,9.062,beginner
176,461,18,1102,6.261,2.619,9.778,beginner
255,683,28,1608,6.306,2.678,9.107,beginner
154,411,14,977,6.344,2.669,11.0,beginner
265,636,35,1471,5.551,2.4,7.571,beginner
235,541,27,1272,5.413,2.302,8.704,beginner
145,343,15,809,5.579,2.366,9.667,beginner
196,478,29,1126,5.745,2.439,6.759,beginner
210,501,28,1191,5.671,2.386,7.5,beginner
284,672,35,1614,5.683,2.366,8.114,beginner
149,338,19,797,5.349,2.268,7.842,beginner
158,398,12,941,5.956,2.519,13.167,beginner
188,474,18,1123,5.973,2.521,10.444,beginner
175,437,15,1009,5.766,2.497,11.667,beginner
101,249,18,600,5.941,2.465,5.611,beginner
151,446,13,1007,6.669,2.954,11.615,beginner
214,538,21,1252,5.85,2.514,10.19,beginner
159,412,17,963,6.057,2.591,9.353,beginner
182,421,25,1037,5.698,2.313,7.28,beginner
206,500,26,1172,5.689,2.427,7.923,beginner
286,596,46,1440,5.035,2.084,6.217,beginner
192,498,18,1151,5.995,2.594,10.667,beginner
274,674,37,1596,5.825,2.46,7.405,beginner
148,368,16,899,6.074,2.486,9.25,beginner
199,450,35,1078,5.417,2.261,5.686,beginner
137,360,17,853,6.226,2.628,8.059,beginner
79,154,10,370,4.684,1.949,7.9,beginner
116,239,12,584,5.034,2.06,9.667,beginner
128,294,18,703,5.492,2.297,7.111,beginner
144,352,18,873,6.062,2.444,8.0,beginner
134,273,21,654,4.881,2.037,6.381,beginner
111,229,15,517,4.658,2.063,7.4,beginner
174,431,23,1026,5.897,2.477,7.565,beginner
115,244,17,592,5.148,2.122,6.765,beginner
117,245,21,596,5.094,2.094,5.571,beginner
151,269,19,649,4.298,1.781,7.947,beginner
147,333,22,806,5.483,2.265,6.682,beginner
99,206,12,489,4.939,2.081,8.25,beginner
174,407,29,1004,5.77,2.339,6.0,beginner
129,261,14,653,5.062,2.023,9.214,beginner
129,303,11,697,5.403,2.349,11.727,beginner
236,513,33,1162,4.924,2.174,7.152,beginner
205,444,23,1075,5.244,2.166,8.913,beginner
137,331,25,779,5.686,2.416,5.48,beginner
134,339,11,813,6.067,2.53,12.182,beginner
231,507,37,1218,5.273,2.195,6.243,beginner
154,330,21,793,5.149,2.143,7.333,beginner
119,250,16,593,4.983,2.101,7.438,beginner
142,288,19,700,4.93,2.028,7.474,beginner
153,328,23,816,5.333,2.144,6.652,beginner
117,264,17,633,5.41,2.256,6.882,beginner
212,451,25,1073,5.061,2.127,8.48,beginner
108,251,15,594,5.5,2.324,7.2,beginner
144,291,16,742,5.153,2.021,9.0,beginner
160,346,29,839,5.244,2.162,5.517,beginner
170,398,24,905,5.324,2.341,7.083,beginner
148,345,19,840,5.676,2.331,7.789,beginner
109,251,16,591,5.422,2.303,6.812,beginner
143,286,14,667,4.664,2.0,10.214,beginner
137,266,21,599,4.372,1.942,6.524,beginner
159,383,14,911,5.73,2.409,11.357,beginner
145,377,7,884,6.097,2.6,20.714,beginner
95,228,14,552,5.811,2.4,6.786,beginner
295,602,40,1348,4.569,2.041,7.375,beginner
234,514,36,1203,5.141,2.197,6.5,beginner
89,194,16,466,5.236,2.18,5.562,beginner
242,551,22,1292,5.339,2.277,11.0,beginner
206,461,21,1027,4.985,2.238,9.81,beginner
154,359,15,848,5.506,2.331,10.267,beginner
210,456,19,1070,5.095,2.171,11.053,beginner
173,345,17,805,4.653,1.994,10.176,beginner
125,270,20,622,4.976,2.16,6.25,beginner
261,545,36,1275,4.885,2.088,7.25,beginner
299,620,47,1449,4.846,2.074,6.362,beginner
346,765,42,1721,4.974,2.211,8.238,beginner
248,543,29,1229,4.956,2.19,8.552,beginner
206,426,32,1008,4.893,2.068,6.438,beginner
208,351,21,813,3.909,1.688,9.905,beginner
291,609,39,1387,4.766,2.093,7.462,beginner
367,717,52,1594,4.343,1.954,7.058,beginner
296,662,31,1504,5.081,2.236,9.548,beginner
302,599,23,1358,4.497,1.983,13.13,beginner
352,700,42,1639,4.656,1.989,8.381,beginner
336,711,23,1593,4.741,2.116,14.609,beginner
283,636,50,1515,5.353,2.247,5.66,beginner
171,439,19,1002,5.86,2.567,9.0,beginner
128,310,20,723,5.648,2.336,6.4,intermediate
251,643,31,1511,6.02,2.336,8.097,intermediate
147,394,15,944,6.422,2.336,9.8,intermediate
151,376,20,921,6.099,2.336,7.55,intermediate
221,500,29,1178,5.33,2.336,7.621,intermediate
202,502,28,1187,5.876,2.336,7.214,intermediate
160,434,19,1031,6.444,2.336,8.421,intermediate
251,605,28,1457,5.805,2.336,8.964,intermediate
106,284,8,655,6.179,2.336,13.25,intermediate
274,617,24,1474,5.38,2.336,11.417,intermediate
196,567,21,1329,6.781,2.336,9.333,intermediate
253,643,28,1484,5.866,2.336,9.036,intermediate
169,433,21,1027,6.077,2.336,8.048,intermediate
198,513,20,1201,6.066,2.336,9.9,intermediate
193,473,22,1140,5.907,2.336,8.773,intermediate
239,593,24,1416,5.925,2.336,9.958,intermediate
269,709,28,1677,6.234,2.336,9.607,intermediate
194,473,18,1095,5.644,2.336,10.778,intermediate
117,300,12,676,5.778,2.336,9.75,intermediate
226,568,25,1349,5.969,2.336,9.04,intermediate
243,601,31,1420,5.844,2.336,7.839,intermediate
176,471,22,1078,6.125,2.336,8.0,intermediate
164,412,18,945,5.762,2.336,9.111,intermediate
120,320,14,766,6.383,2.336,8.571,intermediate
185,407,34,939,5.076,2.336,5.441,intermediate
121,332,14,792,6.545,2.336,8.643,intermediate
241,579,28,1341,5.564,2.336,8.607,intermediate
221,480,30,1148,5.195,2.336,7.367,intermediate
161,415,19,975,6.056,2.336,8.474,intermediate
249,541,27,1297,5.209,2.336,9.222,intermediate
172,426,21,995,5.785,2.336,8.19,intermediate
187,483,23,1121,5.995,2.336,8.13,intermediate
123,311,13,757,6.154,2.336,9.462,intermediate
217,535,23,1278,5.889,2.336,9.435,intermediate
202,568,19,1365,6.757,2.336,10.632,intermediate
203,505,26,1183,5.828,2.336,7.808,intermediate
224,512,26,1217,5.433,2.336,8.615,intermediate
139,361,22,888,6.388,2.336,6.318,intermediate
180,476,21,1143,6.35,2.336,8.571,intermediate
171,420,18,1007,5.889,2.336,9.5,intermediate
178,436,21,1036,5.82,2.336,8.476,intermediate
201,531,28,1247,6.204,2.336,7.179,intermediate
211,482,23,1136,5.384,2.336,9.174,intermediate
371,913,47,2198,5.925,2.336,7.894,intermediate
301,697,33,1689,5.611,2.336,9.121,intermediate
226,568,32,1358,6.009,2.336,7.062,intermediate
265,673,27,1562,5.894,2.336,9.815,intermediate
337,822,37,1942,5.763,2.336,9.108,intermediate
232,591,26,1418,6.112,2.336,8.923,intermediate
282,722,36,1728,6.128,2.336,7.833,intermediate
444,1163,48,2745,6.182,2.336,9.25,intermediate
121,298,17,718,5.934,2.336,7.118,intermediate
246,634,26,1587,6.451,2.336,9.462,intermediate
319,781,33,1876,5.881,2.336,9.667,intermediate
228,583,30,1351,5.925,2.336,7.6,intermediate
287,709,40,1690,5.889,2.336,7.175,intermediate
258,674,27,1592,6.171,2.336,9.556,intermediate
363,916,42,2186,6.022,2.336,8.643,intermediate
164,400,18,925,5.64,2.336,9.111,intermediate
179,470,21,1121,6.263,2.336,8.524,intermediate
266,680,31,1550,5.827,2.336,8.581,intermediate
433,1074,42,2598,6.0,2.336,10.31,intermediate
337,781,37,1851,5.493,2.336,9.108,intermediate
271,636,32,1504,5.55,2.336,8.469,intermediate
294,702,34,1594,5.422,2.336,8.647,intermediate
289,738,33,1762,6.097,2.336,8.758,intermediate
280,768,37,1752,6.257,2.336,7.568,intermediate
340,907,39,2146,6.312,2.336,8.718,intermediate
301,785,34,1807,6.003,2.336,8.853,intermediate
435,1157,51,2710,6.23,2.336,8.529,intermediate
286,804,34,1907,6.668,2.336,8.412,intermediate
361,957,38,2275,6.302,2.336,9.5,intermediate
376,997,42,2308,6.138,2.336,8.952,intermediate
270,676,38,1592,5.896,2.336,7.105,intermediate
236,653,29,1512,6.407,2.336,8.138,intermediate
193,420,35,943,4.886,2.336,5.514,intermediate
181,407,23,970,5.359,2.336,7.87,intermediate
203,466,25,1143,5.631,2.336,8.12,intermediate
291,586,46,1386,4.763,2.336,6.326,intermediate
219,468,25,1091,4.982,2.336,8.76,intermediate
256,540,28,1301,5.082,2.336,9.143,intermediate
202,460,31,1127,5.579,2.336,6.516,intermediate
302,640,40,1525,5.05,2.336,7.55,intermediate
282,596,40,1403,4.975,2.336,7.05,intermediate
268,600,29,1409,5.257,2.336,9.241,intermediate
302,655,47,1568,5.192,2.336,6.426,intermediate
331,726,55,1742,5.263,2.336,6.018,intermediate
279,545,37,1256,4.502,2.336,7.541,intermediate
256,549,35,1255,4.902,2.336,7.314,intermediate
318,688,27,1601,5.035,2.336,11.778,intermediate
229,496,32,1140,4.978,2.336,7.156,intermediate
291,635,26,1453,4.993,2.336,11.192,intermediate
318,725,47,1732,5.447,2.336,6.766,intermediate
238,469,42,1066,4.479,2.336,5.667,intermediate
179,382,30,882,4.927,2.336,5.967,intermediate
224,476,23,1139,5.085,2.336,9.739,intermediate
293,610,26,1384,4.724,2.336,11.269,intermediate
425,860,49,2008,4.725,2.336,8.673,intermediate
237,511,35,1176,4.962,2.336,6.771,intermediate
199,460,23,1108,5.568,2.336,8.652,intermediate
246,542,23,1296,5.268,2.336,10.696,intermediate
284,606,33,1456,5.127,2.336,8.606,intermediate
639,1525,59,3500,5.477,2.336,10.831,intermediate
314,665,45,1581,5.035,2.336,6.978,intermediate
231,493,34,1177,5.095,2.336,6.794,intermediate
186,376,37,878,4.72,2.336,5.027,intermediate
195,407,34,945,4.846,2.336,5.735,intermediate
247,598,22,1395,5.648,2.336,11.227,intermediate
267,566,32,1346,5.041,2.336,8.344,intermediate
297,570,39,1418,4.774,2.336,7.615,intermediate
228,523,34,1236,5.421,2.336,6.706,intermediate
265,676,33,1526,5.758,2.336,8.03,intermediate
250,570,43,1341,5.364,2.336,5.814,intermediate
278,625,44,1473,5.299,2.336,6.318,intermediate
163,330,24,783,4.804,2.336,6.792,intermediate
264,592,36,1359,5.148,2.336,7.333,intermediate
380,805,35,1853,4.876,2.336,10.857,intermediate
180,398,26,902,5.011,2.336,6.923,intermediate
307,618,36,1394,4.541,2.336,8.528,intermediate
184,408,29,940,5.109,2.336,6.345,intermediate
139,281,18,715,5.144,2.336,7.722,intermediate
145,269,23,625,4.31,2.336,6.304,intermediate
232,554,23,1289,5.556,2.336,10.087,intermediate
384,793,59,1826,4.755,2.336,6.508,intermediate
378,836,36,1962,5.19,2.336,10.5,intermediate
223,400,28,936,4.197,2.336,7.964,intermediate
554,1173,57,2632,4.751,2.336,9.719,intermediate
320,562,30,1298,4.056,2.336,10.667,intermediate
312,687,36,1615,5.176,2.336,8.667,intermediate
387,777,50,1819,4.7,2.336,7.74,intermediate
505,981,46,2281,4.517,2.336,10.978,intermediate
183,364,21,846,4.623,2.336,8.714,intermediate
633,1320,72,3027,4.782,2.336,8.792,intermediate
211,431,22,1012,4.796,2.336,9.591,intermediate
305,676,43,1602,5.252,2.336,7.093,intermediate
121,265,16,623,5.149,2.336,7.562,intermediate
176,350,16,852,4.841,2.336,11.0,intermediate
195,385,25,921,4.723,2.336,7.8,intermediate
148,277,17,673,4.547,2.336,8.706,intermediate
419,919,46,2100,5.012,2.336,9.109,intermediate
209,507,37,1192,5.703,2.336,5.649,intermediate
530,1108,86,2493,4.704,2.336,6.163,intermediate
323,688,57,1576,4.879,2.336,5.667,intermediate
188,489,19,1124,5.979,2.336,9.895,intermediate
420,817,54,1882,4.481,2.336,7.778,intermediate
364,735,48,1718,4.72,2.336,7.583,intermediate
153,350,22,805,5.261,2.336,6.955,intermediate
177,426,14,982,5.548,2.336,12.643,intermediate
356,821,27,1873,5.261,2.336,13.185,intermediate
204,488,19,1139,5.583,2.336,10.737,intermediate
167,433,16,1031,6.174,2.138,10.438,upper_intermediate
220,540,25,1259,5.723,2.138,8.8,upper_intermediate
331,779,41,1849,5.586,2.138,8.073,upper_intermediate
184,446,19,1052,5.717,2.138,9.684,upper_intermediate
386,926,47,2159,5.593,2.138,8.213,upper_intermediate
408,873,32,2022,4.956,2.138,12.75,upper_intermediate
511,928,36,2243,4.389,2.138,14.194,upper_intermediate
378,748,37,1727,4.569,2.138,10.216,upper_intermediate
449,952,35,2195,4.889,2.138,12.829,upper_intermediate
213,471,15,1082,5.08,2.138,14.2,upper_intermediate
342,743,29,1682,4.918,2.138,11.793,upper_intermediate
335,680,30,1526,4.555,2.138,11.167,upper_intermediate
365,699,32,1540,4.219,2.138,11.406,upper_intermediate
448,851,40,1930,4.308,2.138,11.2,upper_intermediate
573,1146,56,2581,4.504,2.138,10.232,upper_intermediate
252,535,13,1231,4.885,2.138,19.385,upper_intermediate
349,679,28,1561,4.473,2.138,12.464,upper_intermediate
352,762,34,1738,4.938,2.138,10.353,upper_intermediate
400,812,37,1921,4.802,2.138,10.811,upper_intermediate
340,559,37,1290,3.794,2.138,9.189,upper_intermediate
450,826,29,1938,4.307,2.138,15.517,upper_intermediate
554,1000,38,2369,4.276,2.138,14.579,upper_intermediate
453,829,51,1980,4.371,2.138,8.882,upper_intermediate
225,462,23,1047,4.653,2.138,9.783,upper_intermediate
322,688,29,1547,4.804,2.138,11.103,upper_intermediate
198,445,14,1049,5.298,2.138,14.143,upper_intermediate
426,894,34,2101,4.932,2.138,12.529,upper_intermediate
159,316,17,722,4.541,2.138,9.353,upper_intermediate
360,633,58,1460,4.056,2.138,6.207,upper_intermediate
592,1176,45,2703,4.566,2.138,13.156,upper_intermediate
407,855,51,1933,4.749,2.138,7.98,upper_intermediate
355,734,34,1678,4.727,2.138,10.441,upper_intermediate
1343,2731,140,6262,4.663,2.138,9.593,upper_intermediate
252,542,35,1262,5.008,2.138,7.2,upper_intermediate
407,901,41,2090,5.135,2.138,9.927,upper_intermediate
435,912,45,2062,4.74,2.138,9.667,upper_intermediate
479,987,39,2188,4.568,2.138,12.282,upper_intermediate
357,807,34,1831,5.129,2.138,10.5,upper_intermediate
393,800,23,1833,4.664,2.138,17.087,upper_intermediate
417,936,46,2198,5.271,2.138,9.065,upper_intermediate
279,606,22,1421,5.093,2.138,12.682,upper_intermediate
353,745,45,1780,5.042,2.138,7.844,upper_intermediate
207,447,26,1067,5.155,2.138,7.962,upper_intermediate
345,663,80,1543,4.472,2.138,4.312,upper_intermediate
463,938,67,2152,4.648,2.138,6.91,upper_intermediate
452,878,87,2036,4.504,2.138,5.195,upper_intermediate
561,1075,105,2487,4.433,2.138,5.343,upper_intermediate
371,742,35,1682,4.534,2.138,10.6,upper_intermediate
386,773,40,1745,4.521,2.138,9.65,upper_intermediate
360,705,35,1630,4.528,2.138,10.286,upper_intermediate
402,897,36,2095,5.211,2.138,11.167,upper_intermediate
493,971,47,2285,4.635,2.138,10.489,upper_intermediate
519,1096,41,2574,4.96,2.138,12.659,upper_intermediate
427,885,39,2039,4.775,2.138,10.949,upper_intermediate
508,1056,52,2429,4.781,2.138,9.769,upper_intermediate
306,589,41,1384,4.523,2.138,7.463,upper_intermediate
460,886,43,2091,4.546,2.138,10.698,upper_intermediate
502,948,53,2233,4.448,2.138,9.472,upper_intermediate
325,652,31,1511,4.649,2.138,10.484,upper_intermediate
373,890,34,2010,5.389,2.138,10.971,upper_intermediate
389,922,34,2128,5.47,2.138,11.441,upper_intermediate
433,973,36,2256,5.21,2.138,12.028,upper_intermediate
441,987,44,2293,5.2,2.138,10.023,upper_intermediate
239,458,18,1073,4.49,2.138,13.278,upper_intermediate
418,836,65,1848,4.421,2.138,6.431,upper_intermediate
483,968,48,2208,4.571,2.138,10.062,upper_intermediate
169,371,14,844,4.994,2.138,12.071,upper_intermediate
184,367,22,859,4.668,2.138,8.364,upper_intermediate
437,871,29,2005,4.588,2.138,15.069,upper_intermediate
315,668,20,1515,4.81,2.138,15.75,upper_intermediate
359,704,40,1618,4.507,2.138,8.975,upper_intermediate
234,472,16,1104,4.718,2.138,14.625,upper_intermediate
224,391,34,962,4.295,2.138,6.588,upper_intermediate
217,475,36,1144,5.272,2.138,6.028,upper_intermediate
374,794,41,1837,4.912,2.138,9.122,upper_intermediate
396,784,69,1822,4.601,2.138,5.739,upper_intermediate
403,801,65,1849,4.588,2.138,6.2,upper_intermediate
274,588,50,1330,4.854,2.138,5.48,upper_intermediate
403,950,40,2180,5.409,2.138,10.075,upper_intermediate
157,343,14,766,4.879,2.138,11.214,upper_intermediate
424,852,34,1964,4.632,2.138,12.471,upper_intermediate
440,1102,39,2610,5.932,2.138,11.282,upper_intermediate
197,481,21,1122,5.695,2.138,9.381,upper_intermediate
516,1089,50,2533,4.909,2.138,10.32,upper_intermediate
478,1005,42,2387,4.994,2.138,11.381,upper_intermediate
268,550,26,1289,4.81,2.138,10.308,upper_intermediate
324,779,29,1813,5.596,2.138,11.172,upper_intermediate
294,600,31,1424,4.844,2.138,9.484,upper_intermediate
413,1031,36,2352,5.695,2.138,11.472,upper_intermediate
288,607,23,1457,5.059,2.138,12.522,upper_intermediate
235,501,24,1212,5.157,2.138,9.792,upper_intermediate
174,375,17,894,5.138,2.138,10.235,upper_intermediate
227,383,37,944,4.159,2.138,6.135,upper_intermediate
408,894,46,2112,5.176,2.138,8.87,upper_intermediate
615,1296,67,2973,4.834,2.138,9.179,upper_intermediate
436,912,48,2175,4.989,2.138,9.083,upper_intermediate
620,1319,69,3132,5.052,2.138,8.986,upper_intermediate
440,927,38,2187,4.97,2.138,11.579,upper_intermediate
521,991,51,2314,4.441,2.138,10.216,upper_intermediate
440,813,57,1905,4.33,2.138,7.719,upper_intermediate
380,684,78,1598,4.205,2.138,4.872,upper_intermediate
449,872,51,2015,4.488,2.138,8.804,upper_intermediate
365,743,16,1733,4.748,2.138,22.812,upper_intermediate
425,845,33,2001,4.708,2.138,12.879,upper_intermediate
290,635,19,1464,5.048,2.138,15.263,upper_intermediate
377,762,37,1794,4.759,2.138,10.189,upper_intermediate
485,934,83,2165,4.464,2.138,5.843,upper_intermediate
268,563,33,1299,4.847,2.138,8.121,upper_intermediate
352,777,53,1810,5.142,2.138,6.642,upper_intermediate
401,893,57,2083,5.195,2.138,7.035,upper_intermediate
385,824,33,1945,5.052,2.138,11.667,upper_intermediate
454,975,54,2296,5.057,2.138,8.407,upper_intermediate
406,764,49,1775,4.372,2.138,8.286,upper_intermediate
481,1018,40,2375,4.938,2.138,12.025,upper_intermediate
368,781,34,1815,4.932,2.138,10.824,upper_intermediate
407,854,47,2053,5.044,2.138,8.66,upper_intermediate
402,938,48,2215,5.51,2.138,8.375,upper_intermediate
431,928,65,2155,5.0,2.138,6.631,upper_intermediate
436,986,62,2301,5.278,2.138,7.032,upper_intermediate
418,901,61,2101,5.026,2.138,6.852,upper_intermediate
414,924,24,2091,5.051,2.138,17.25,upper_intermediate
442,954,31,2242,5.072,2.138,14.258,upper_intermediate
372,762,22,1817,4.884,2.138,16.909,upper_intermediate
624,1351,48,3109,4.982,2.138,13.0,upper_intermediate
530,1021,42,2380,4.491,2.138,12.619,upper_intermediate
362,751,70,1749,4.831,2.138,5.171,upper_intermediate
390,818,65,1912,4.903,2.138,6.0,upper_intermediate
340,716,62,1650,4.853,2.138,5.484,upper_intermediate
316,676,46,1600,5.063,2.138,6.87,upper_intermediate
237,531,30,1253,5.287,2.138,7.9,upper_intermediate
277,544,56,1231,4.444,2.138,4.946,upper_intermediate
336,562,104,1301,3.872,2.138,3.231,upper_intermediate
358,691,65,1561,4.36,2.138,5.508,upper_intermediate
379,981,33,2330,6.148,2.138,11.485,upper_intermediate
382,967,36,2282,5.974,2.138,10.611,upper_intermediate
332,825,31,1933,5.822,2.138,10.71,upper_intermediate
360,915,39,2123,5.897,2.138,9.231,upper_intermediate
394,969,38,2291,5.815,2.138,10.368,upper_intermediate
308,744,30,1746,5.669,2.138,10.267,upper_intermediate
369,987,33,2350,6.369,2.138,11.182,upper_intermediate
380,990,33,2342,6.163,2.138,11.515,upper_intermediate
419,1069,36,2593,6.189,2.138,11.639,upper_intermediate
326,856,37,2031,6.23,2.138,8.811,upper_intermediate
271,722,24,1708,6.303,2.138,11.292,upper_intermediate
296,758,41,1835,6.199,2.138,7.22,upper_intermediate
422,1092,53,2676,6.341,2.138,7.962,upper_intermediate
355,913,37,2189,6.166,2.138,9.595,upper_intermediate
329,901,40,2176,6.614,2.138,8.225,upper_intermediate
431,1016,55,2474,5.74,2.138,7.836,upper_intermediate
366,949,45,2241,6.123,2.138,8.133,upper_intermediate
495,1308,28,3017,6.095,2.343,17.679,advanced
365,959,28,2299,6.299,2.343,13.036,advanced
315,852,30,1992,6.324,2.343,10.5,advanced
326,854,23,2003,6.144,2.343,14.174,advanced
362,927,33,2224,6.144,2.343,10.97,advanced
349,905,41,2114,6.057,2.343,8.512,advanced
413,1016,38,2350,5.69,2.343,10.868,advanced
396,1008,19,2439,6.159,2.343,20.842,advanced
308,789,21,1810,5.877,2.343,14.667,advanced
310,791,25,1895,6.113,2.343,12.4,advanced
496,1193,47,2750,5.544,2.343,10.553,advanced
473,1195,37,2764,5.844,2.343,12.784,advanced
532,1273,59,2927,5.502,2.343,9.017,advanced
470,1284,38,2943,6.262,2.343,12.368,advanced
460,1242,40,2841,6.176,2.343,11.5,advanced
529,1288,35,2893,5.469,2.343,15.114,advanced
556,1435,39,3240,5.827,2.343,14.256,advanced
394,1034,31,2370,6.015,2.343,12.71,advanced
355,964,26,2234,6.293,2.343,13.654,advanced
433,1169,43,2669,6.164,2.343,10.07,advanced
413,1084,34,2524,6.111,2.343,12.147,advanced
486,1158,39,2751,5.66,2.343,12.462,advanced
449,1078,46,2499,5.566,2.343,9.761,advanced
359,845,32,1907,5.312,2.343,11.219,advanced
427,1033,33,2387,5.59,2.343,12.939,advanced
454,1187,31,2808,6.185,2.343,14.645,advanced
525,1351,47,3227,6.147,2.343,11.17,advanced
504,1264,39,2968,5.889,2.343,12.923,advanced
457,1172,33,2673,5.849,2.343,13.848,advanced
446,1200,43,2747,6.159,2.343,10.372,advanced
454,1096,36,2558,5.634,2.343,12.611,advanced
395,931,40,2228,5.641,2.343,9.875,advanced
368,972,38,2260,6.141,2.343,9.684,advanced
369,938,32,2215,6.003,2.343,11.531,advanced
409,1017,33,2410,5.892,2.343,12.394,advanced
465,1106,40,2638,5.673,2.343,11.625,advanced
354,898,32,2104,5.944,2.343,11.062,advanced
353,861,39,2010,5.694,2.343,9.051,advanced
408,1058,31,2443,5.988,2.343,13.161,advanced
352,904,32,2126,6.04,2.343,11.0,advanced
488,998,53,2277,4.666,2.343,9.208,advanced
503,1124,57,2680,5.328,2.343,8.825,advanced
500,1088,76,2437,4.874,2.343,6.579,advanced
406,897,69,2075,5.111,2.343,5.884,advanced
397,933,50,2216,5.582,2.343,7.94,advanced
501,1109,46,2570,5.13,2.343,10.891,advanced
484,1038,57,2395,4.948,2.343,8.491,advanced
411,806,31,1983,4.825,2.343,13.258,advanced
321,727,38,1670,5.202,2.343,8.447,advanced
617,1243,79,2903,4.705,2.343,7.81,advanced
367,841,15,1965,5.354,2.343,24.467,advanced
380,928,30,2147,5.65,2.343,12.667,advanced
347,729,34,1706,4.916,2.343,10.206,advanced
460,1090,36,2510,5.457,2.343,12.778,advanced
500,1268,43,2968,5.936,2.343,11.628,advanced
423,1058,41,2499,5.908,2.343,10.317,advanced
477,1256,43,3011,6.312,2.343,11.093,advanced
485,1227,44,2923,6.027,2.343,11.023,advanced
365,926,30,2251,6.167,2.343,12.167,advanced
423,1067,38,2501,5.913,2.343,11.132,advanced
465,1178,40,2720,5.849,2.343,11.625,advanced
461,1162,44,2742,5.948,2.343,10.477,advanced
420,1059,41,2528,6.019,2.343,10.244,advanced
429,1094,38,2526,5.888,2.343,11.289,advanced
468,1185,43,2744,5.863,2.343,10.884,advanced
380,932,37,2188,5.758,2.343,10.27,advanced
540,1312,45,3058,5.663,2.343,12.0,advanced
430,1104,27,2565,5.965,2.343,15.926,advanced
382,887,22,2051,5.369,2.343,17.364,advanced
400,937,23,2256,5.64,2.343,17.391,advanced
501,1075,59,2520,5.03,2.343,8.492,advanced
438,937,43,2229,5.089,2.343,10.186,advanced
429,935,44,2209,5.149,2.343,9.75,advanced
577,1317,42,3110,5.39,2.343,13.738,advanced
502,1145,40,2737,5.452,2.343,12.55,advanced
644,1352,45,3151,4.893,2.343,14.311,advanced
393,948,33,2238,5.695,2.343,11.909,advanced
532,1145,54,2731,5.133,2.343,9.852,advanced
428,932,44,2200,5.14,2.343,9.727,advanced
437,943,51,2249,5.146,2.343,8.569,advanced
509,1021,52,2498,4.908,2.343,9.788,advanced
462,834,47,1993,4.314,2.343,9.83,advanced
497,984,39,2395,4.819,2.343,12.744,advanced
595,1196,35,2851,4.792,2.343,17.0,advanced
606,1148,63,2641,4.358,2.343,9.619,advanced
523,1060,53,2377,4.545,2.343,9.868,advanced
553,1067,44,2487,4.497,2.343,12.568,advanced
466,995,45,2311,4.959,2.343,10.356,advanced
474,1040,40,2373,5.006,2.343,11.85,advanced
307,598,16,1431,4.661,2.343,19.188,advanced
565,1098,58,2560,4.531,2.343,9.741,advanced
419,942,36,2262,5.399,2.343,11.639,advanced
394,917,38,2134,5.416,2.343,10.368,advanced
376,849,32,2033,5.407,2.343,11.75,advanced
584,1250,42,2840,4.863,2.343,13.905,advanced
464,946,33,2216,4.776,2.343,14.061,advanced
516,1151,51,2698,5.229,2.343,10.118,advanced
405,988,28,2327,5.746,2.343,14.464,advanced
497,1182,34,2779,5.592,2.343,14.618,advanced
467,1192,32,2776,5.944,2.343,14.594,advanced
392,929,34,2172,5.541,2.343,11.529,advanced
454,1126,44,2681,5.905,2.343,10.318,advanced
403,1081,39,2601,6.454,2.343,10.333,advanced
235,480,29,1084,4.613,2.343,8.103,advanced
168,352,7,828,4.929,2.343,24.0,advanced
135,228,11,613,4.541,2.343,12.273,advanced
226,448,21,1075,4.757,2.343,10.762,advanced
138,264,14,661,4.79,2.343,9.857,advanced
361,905,40,2079,5.759,2.343,9.025,advanced
459,1148,48,2723,5.932,2.343,9.562,advanced
380,1050,30,2381,6.266,2.343,12.667,advanced
454,1030,39,2407,5.302,2.343,11.641,advanced
333,814,30,1884,5.658,2.343,11.1,advanced
394,1015,36,2395,6.079,2.343,10.944,advanced
430,1095,36,2590,6.023,2.343,11.944,advanced
397,932,41,2184,5.501,2.343,9.683,advanced
315,802,18,1928,6.121,2.343,17.5,advanced
437,998,30,2298,5.259,2.343,14.567,advanced
469,1059,52,2456,5.237,2.343,9.019,advanced
379,789,29,1769,4.668,2.343,13.069,advanced
502,1139,38,2675,5.329,2.343,13.211,advanced
493,1083,31,2520,5.112,2.343,15.903,advanced
475,1016,30,2383,5.017,2.343,15.833,advanced
396,942,27,2239,5.654,2.343,14.667,advanced
265,526,38,1185,4.472,2.343,6.974,advanced
438,954,40,2249,5.135,2.343,10.95,advanced
425,926,56,2160,5.082,2.343,7.589,advanced
545,992,39,2589,4.75,2.343,13.974,advanced
509,959,41,2458,4.829,2.343,12.415,advanced
432,887,27,2094,4.847,2.343,16.0,advanced
459,886,75,2085,4.542,2.343,6.12,advanced
548,1017,44,2327,4.246,2.343,12.455,advanced
310,586,41,1395,4.5,2.343,7.561,advanced
447,989,40,2278,5.096,2.343,11.175,advanced
621,1239,61,2823,4.546,2.343,10.18,advanced
554,1141,41,2676,4.83,2.343,13.512,advanced
330,836,31,2008,6.085,2.343,10.645,advanced
363,831,47,1978,5.449,2.343,7.723,advanced
325,821,24,1909,5.874,2.343,13.542,advanced
268,724,19,1648,6.149,2.343,14.105,advanced
265,685,26,1635,6.17,2.343,10.192,advanced
342,924,32,2215,6.477,2.343,10.688,advanced
347,817,35,1954,5.631,2.343,9.914,advanced
376,969,31,2348,6.245,2.343,12.129,advanced
321,822,22,1936,6.031,2.343,14.591,advanced
321,887,32,2064,6.43,2.343,10.031,advanced
408,923,49,2236,5.48,2.343,8.327,advanced
305,680,27,1621,5.315,2.343,11.296,advanced
287,668,29,1611,5.613,2.343,9.897,advanced
295,735,18,1731,5.868,2.343,16.389,advanced
298,814,20,1955,6.56,2.511,14.9,academic
378,999,18,2349,6.214,2.349,21.0,academic
339,915,27,2105,6.209,2.349,12.556,academic
446,1167,34,2731,6.123,2.349,13.118,academic
397,867,41,2150,5.416,2.256,9.683,academic
342,904,29,2158,6.31,2.336,11.793,academic
281,752,26,1801,6.409,2.138,10.808,academic
417,1178,27,2789,6.688,2.343,15.444,academic
436,1096,47,2606,5.977,2.511,9.277,academic
276,687,26,1658,6.007,2.349,10.615,academic
393,1024,37,2451,6.237,2.349,10.622,academic
259,660,21,1585,6.12,2.349,12.333,academic
355,892,35,2136,6.017,2.349,10.143,academic
367,915,34,2150,5.858,2.349,10.794,academic
391,984,32,2324,5.944,2.349,12.219,academic
443,1151,32,2634,5.946,2.349,13.844,academic
463,1194,37,2744,5.927,2.349,12.514,academic
401,1004,24,2283,5.693,2.349,16.708,academic
374,940,32,2274,6.08,2.349,11.688,academic
387,1076,32,2409,6.225,2.349,12.094,academic
334,938,30,2181,6.53,2.349,11.133,academic
420,1096,32,2548,6.067,2.349,13.125,academic
408,993,37,2290,5.613,2.349,11.027,academic
365,956,28,2238,6.132,2.349,13.036,academic
496,1201,36,2758,5.56,2.349,13.778,academic
393,1040,31,2374,6.041,2.349,12.677,academic
337,890,36,2143,6.359,2.349,9.361,academic
437,1204,37,2834,6.485,2.349,11.811,academic
320,829,30,2016,6.3,2.349,10.667,academic
429,1079,32,2480,5.781,2.349,13.406,academic
420,1109,27,2566,6.11,2.349,15.556,academic
460,1107,37,2639,5.737,2.349,12.432,academic
495,1280,43,3026,6.113,2.349,11.512,academic
394,1046,31,2457,6.236,2.349,12.71,academic
372,971,22,2294,6.167,2.349,16.909,academic
319,911,20,2083,6.53,2.349,15.95,academic
433,1201,35,2874,6.637,2.349,12.371,academic
329,910,21,2182,6.632,2.349,15.667,academic
382,851,29,2013,5.27,2.349,13.172,academic
430,984,34,2240,5.209,2.349,12.647,academic
410,987,28,2323,5.666,2.349,14.643,academic
420,1100,34,2641,6.288,2.349,12.353,academic
437,1169,26,2665,6.098,2.349,16.808,academic
405,1095,28,2535,6.259,2.349,14.464,academic
353,1025,20,2362,6.691,2.349,17.65,academic
389,986,21,2320,5.964,2.349,18.524,academic
407,1012,21,2403,5.904,2.349,19.381,academic
456,1196,29,2806,6.154,2.349,15.724,academic
434,1015,28,2437,5.615,2.349,15.5,academic
242,461,11,1093,4.517,2.349,22.0,academic
174,372,12,853,4.902,2.349,14.5,academic
456,1033,26,2484,5.447,2.349,17.538,academic
449,1080,17,2550,5.679,2.349,26.412,academic
415,1014,26,2478,5.971,2.349,15.962,academic
520,1180,21,2844,5.469,2.349,24.762,academic
423,1038,30,2446,5.783,2.349,14.1,academic
485,1148,25,2655,5.474,2.349,19.4,academic
380,640,45,1517,3.992,2.349,8.444,academic
227,400,10,901,3.969,2.349,22.7,academic
532,1206,32,2843,5.344,2.349,16.625,academic
437,814,75,1872,4.284,2.349,5.827,academic
430,837,63,1884,4.381,2.349,6.825,academic
342,862,26,2053,6.003,2.349,13.154,academic
458,1127,28,2685,5.862,2.349,16.357,academic
450,1062,23,2505,5.567,2.349,19.565,academic
390,1026,16,2414,6.19,2.349,24.375,academic
439,1079,16,2572,5.859,2.349,27.438,academic
443,1024,21,2445,5.519,2.349,21.095,academic
400,1138,27,2733,6.832,2.349,14.815,academic
432,1090,24,2516,5.824,2.349,18.0,academic
344,810,33,1893,5.503,2.349,10.424,academic
376,905,24,2166,5.761,2.349,15.667,academic
471,1243,22,2954,6.272,2.349,21.409,academic
466,1170,26,2740,5.88,2.349,17.923,academic
410,1069,13,2503,6.105,2.349,31.538,academic
437,1142,28,2731,6.249,2.349,15.607,academic
104,205,10,493,4.74,2.349,10.4,academic
541,1238,34,2822,5.216,2.349,15.912,academic
524,1063,27,2534,4.836,2.349,19.407,academic
418,953,25,2265,5.419,2.349,16.72,academic
298,671,15,1535,5.151,2.349,19.867,academic
383,899,27,2179,5.689,2.349,14.185,academic
263,516,12,1226,4.662,2.349,21.917,academic
268,516,11,1200,4.478,2.349,24.364,academic
290,516,10,1228,4.234,2.349,29.0,academic
169,344,7,818,4.84,2.349,24.143,academic
259,516,12,1263,4.876,2.349,21.583,academic
223,430,22,1059,4.749,2.349,10.136,academic
383,927,28,2196,5.734,2.349,13.679,academic
465,696,15,1895,4.075,2.349,31.0,academic
519,825,32,2137,4.118,2.349,16.219,academic
227,471,29,1030,4.537,2.349,7.828,academic
425,912,38,2161,5.085,2.349,11.184,academic
460,932,55,2217,4.82,2.349,8.364,academic
309,921,17,2211,7.155,2.349,18.176,academic
388,1032,31,2560,6.598,2.349,12.516,academic
366,934,36,2256,6.164,2.349,10.167,academic
401,1041,33,2477,6.177,2.349,12.152,academic
363,982,28,2287,6.3,2.349,12.964,academic
410,1047,32,2465,6.012,2.349,12.812,academic
442,1164,34,2818,6.376,2.349,13.0,academic
333,868,29,2061,6.189,2.349,11.483,academic
447,1199,37,2863,6.405,2.349,12.081,academic
413,1072,35,2536,6.14,2.349,11.8,academic
428,1199,27,2792,6.523,2.349,15.852,academic
480,1227,35,2952,6.15,2.349,13.714,academic
449,1134,34,2720,6.058,2.349,13.206,academic
349,930,31,2247,6.438,2.349,11.258,academic
501,1245,40,2902,5.792,2.349,12.525,academic
425,1084,32,2528,5.948,2.349,13.281,academic
425,1100,33,2650,6.235,2.349,12.879,academic
398,1046,31,2504,6.291,2.349,12.839,academic
426,1145,24,2681,6.293,2.349,17.75,academic
454,1241,30,2915,6.421,2.349,15.133,academic
349,1029,36,2375,6.805,2.349,9.694,academic
406,1092,34,2622,6.458,2.349,11.941,academic
371,1037,23,2449,6.601,2.349,16.13,academic
404,1112,27,2626,6.5,2.349,14.963,academic
381,1135,27,2624,6.887,2.349,14.111,academic
438,1150,36,2700,6.164,2.349,12.167,academic
389,1098,24,2615,6.722,2.349,16.208,academic
341,1028,22,2500,7.331,2.349,15.5,academic
382,1112,25,2739,7.17,2.349,15.28,academic
350,1049,27,2504,7.154,2.349,12.963,academic
374,980,30,2305,6.163,2.349,12.467,academic
406,1180,28,2885,7.106,2.349,14.5,academic
397,1161,22,2703,6.809,2.349,18.045,academic
478,1216,34,2835,5.931,2.349,14.059,academic
402,1086,30,2548,6.338,2.349,13.4,academic
398,1067,29,2560,6.432,2.349,13.724,academic
423,1222,27,2912,6.884,2.349,15.667,academic
337,987,25,2356,6.991,2.349,13.48,academic
376,971,22,2375,6.316,2.349,17.091,academic
421,1108,30,2598,6.171,2.349,14.033,academic
412,1295,26,3039,7.376,2.349,15.846,academic
440,1126,23,2753,6.257,2.349,19.13,academic
412,1108,31,2575,6.25,2.349,13.29,academic
337,865,19,2081,6.175,2.349,17.737,academic
426,1145,24,2724,6.394,2.349,17.75,academic
310,934,21,2225,7.177,2.349,14.762,academic
389,1080,27,2504,6.437,2.349,14.407,academic
366,983,22,2305,6.298,2.349,16.636,academic
439,1065,30,2501,5.697,2.349,14.633,academic
336,831,17,1928,5.738,2.349,19.765,academic
470,1219,24,2870,6.106,2.349,19.583,academic
418,977,32,2322,5.555,2.349,13.062,academic
411,964,27,2321,5.647,2.349,15.222,academic
363,845,24,1972,5.433,2.349,15.125,academic
368,945,19,2192,5.957,2.349,19.368,academic
493,1149,31,2702,5.481,2.349,15.903,academic
